accuracy,precision,recall,f1_score,roc_auc
0.9765258215962441,0.98,0.9607843137254902,0.9702970297029703,0.9972630718954248
